This row is not needed,
Gene X,Gene Y
2.66861441595728,41.6000850136508
40.8354691022248,51.5323511490639
29.1430185759268,44.4597894367681
36.3542317488187,51.7181849337318
43.4453709107515,55.9692309022871
14.7585921328019,52.2183478549053
28.7206627591953,58.7403492844675
18.6418152164572,48.7692606302814
0.987885817712425,49.3456295304324
32.2971988645893,35.3419156884191
32.3122388310824,43.6331730844376
25.9850662755086,50.3969601038313
7.22299796754822,53.1117781424534
32.8418119772498,46.8429447834165
23.7296564428952,50.2207766378268
38.4560802622708,45.3708043725873
28.4793990580578,53.8580254635182
14.7144478457939,59.0161534671288
40.4961088502551,49.6732288237624
49.4893909819947,56.850696686484
9.06700325369791,57.4305989674719
23.3209295383712,52.7884175584238
37.7376146823712,49.1441362006487
46.8806313306202,43.4608771701422
29.4808479645039,51.644222830324
20.8283586720959,44.8473885964197
18.4538400217593,45.2293687568647
6.00569522304364,50.1194558799219
42.3488503607748,50.5910006382809
43.4678270906124,52.8039894322021
26.0058312056681,54.3876246872413
17.7846374322828,42.13027967336
22.8819531417864,46.9038559440231
25.1858687810908,50.4487014343735
21.9291515256964,48.3825370300835
11.8958953407281,46.6326920650989
47.7808580271101,41.790713824273
44.3332251167482,55.9495239702636
44.8970380631896,49.1082928397591
12.389339809282,45.7121549663376
9.78617260260671,45.6893488797758
7.8178741018685,47.8990460067705
4.33452025852323,49.6078292613301
35.2471136880252,50.2356519577963
42.9843671008128,58.670319863113
42.6719603689828,46.9452452036314
30.3520828524462,49.086090738204
37.7888206045815,47.1942845976508
4.34709496706638,47.8666305176231
40.2165274455326,52.8295685633727
20.6764212983079,46.8118493481612
24.7980736142166,50.2341683448654
25.0993651860797,57.639265497014
3.75344145313436,56.9777529857512
19.3736190866093,59.7254976351657
30.614781577083,49.8953533661277
38.9981264207695,52.6334555256489
46.0198773623618,52.9141517811362
0.778480292292671,48.2662661524525
21.1947759617239,49.2646087683152
45.4972560566704,52.3397848415786
32.9978809437135,48.7538544304192
16.5070163823457,59.1935709155922
32.9996529568102,53.5719045458716
15.0196388305195,43.3109556873862
16.4899365742656,50.7299509268422
37.4040035448331,42.6115258012493
49.0013008701374,50.1035941345076
20.8457832428847,37.7085534322249
12.3550368112119,47.4489649714451
7.63342570223945,52.481087368157
12.9529856637592,51.4931489786506
13.8163374182925,42.7300616623809
49.9313133204625,42.2993555965404
13.1550926948795,57.2928965333286
20.4208566861059,45.9695468455793
47.9683299986581,47.3141072634838
41.4026610559278,58.8920185667641
10.8558208384842,48.8379263311946
17.4342047533902,43.8780668469652
38.650454903459,44.5485423684793
34.0232178129308,53.2072228582848
41.5974170937323,55.47030882189
31.8337583243299,42.0535816446381
11.4010442406002,48.900609274405
21.8330972152122,46.3057811589963
8.07407105628294,65.0078057118275
27.3912847157678,44.9850650305785
16.7395622394993,53.3432677052032
7.95542573398056,44.7547309429809
10.2365541264893,47.448492753686
9.74201030289719,58.4449644468286
14.5446029364947,45.4473714030463
18.08203757094,50.4694066791324
7.34974079406707,51.6209746750323
1.96646503545055,48.3443219270119
13.3847490361614,52.0141235827008
45.5847350043437,46.1545290552042
13.487025378817,45.9643294599127
13.1142036295389,54.3527357832054
21.8854127212565,42.3829272426603
14.0544868249082,57.0295254603786
26.095706595516,51.2156003533885
38.7260569312584,58.6699461272408
20.7826277438361,46.2383418661037
40.724383723435,48.1048616235349
36.5637615343575,54.1406512818045
12.8123982025978,51.5703266165816
12.0023231249158,48.5568561434713
34.2831450978833,41.3701288054629
26.0176604974803,49.2894272600153
48.1090030280843,55.0395275115693
34.5586358020558,47.9366302043098
4.71628450957755,52.5127223380591
32.253688801944,43.5631812593587
41.4076759254479,58.6496208561717
7.57098215584376,47.4461024027651
36.1682513933772,52.8724929845634
4.60089897500229,41.9489710078207
26.0146841133822,49.9588719294424
33.9711177565162,45.5246318631196
11.5946763605836,50.7456769588806
29.1877531429755,48.3812990802059
42.3156041635003,57.4906273729384
41.6478745647478,49.6867288602625
6.65890933218483,53.4929310368424
37.9969082929551,43.4346972130073
31.7096158000103,40.1599703388032
24.2349159786278,53.9274313719947
22.3227823644567,49.6081043708163
26.2537846078684,48.1070420306908
34.4250608889701,49.8078678597104
32.2408401320089,41.77734505231
19.7197935618667,48.361565825298
4.43457535114347,48.4354474459383
26.3055065185438,47.1633029477153
7.34937018242274,41.5774034458648
29.2543224950443,47.0252679620266
43.7842148401091,45.3619311857551
9.55329056034624,54.7364880511358
3.35743317676454,50.3012570684863
33.4194035520909,44.0198161368237
17.4106356544079,49.537474596025
30.4519155101768,48.141487259788
40.0680239057873,50.5082455981939
10.9166570573438,45.6162976128679
13.9029141041578,44.9762181540972
47.517728785869,52.1777060330083
37.1266653261778,51.692710379371
30.6105194716253,49.3749020639488
43.6956819001076,61.8142855801459
46.5417009085141,55.3115361856896
42.2448819889301,53.0090763526516
12.3156538851693,53.0774794413284
25.8478985022446,46.6800855318722
22.7624868804019,51.3373540322323
47.3075165955374,50.6242192151142
25.4979795140302,44.5673834788258
23.3615279471916,48.3050544193437
11.8301878180599,41.5071622266007
49.7430434743695,53.1760134829227
14.2755991416366,49.6411146883114
4.81143510577956,46.7876955303099
33.4959739137678,51.1693989240827
45.1782141763102,50.0305419001611
13.2443048171434,55.0113133114741
37.4112427081615,53.7624507031747
48.5966853896139,55.9698674977221
7.74345425177934,48.8412168170777
1.06646166846782,49.6118052153846
9.84109485748173,51.8407286025864
24.5990704458585,51.0948487102096
13.8144051378249,49.2697970961292
5.81083542586111,54.2279571446896
7.56496374281841,61.1624355291148
33.2843672314237,48.0808534477186
44.6135047326984,52.2269581428578
22.6685983153979,38.7062231786698
30.2104701382185,53.7763410119757
34.4165178637626,53.2290369853823
18.9052915478744,51.4405881841836
17.3083136522561,53.0842021574338
20.7303972981618,48.8992527409142
15.7152512305087,49.7582220603267
7.52662639465901,52.1843010556266
10.638567458702,49.9085935053592
30.4101602748424,48.0015047333151
0.97635523487935,45.1892246980484
34.479110817928,53.1088600991175
27.0027260102305,43.9729822130096
44.792187088911,52.9337889745432
18.3772099913363,40.9388625144148
42.3203657704912,52.385316069229
29.4543363707249,51.6272484425058
36.5641723730423,51.5842848331472
28.9143483925446,42.4853414998347
27.3657987545863,53.0976010560545
0.333272671712354,39.2949658156443
42.0969698626413,52.8953184197204
21.1168121070301,54.9889135115102
46.0834062729011,56.0123605410422
44.2439502828635,47.3536614401164
31.7653181358669,51.0953174197237
21.8958570008376,49.8281216966911
25.8267232409459,47.8822997564363
33.5179871421062,47.1313806949742
16.7362339894976,49.5201760439562
1.6434129004997,48.1426975847541
47.9453163647013,52.7541786267279
42.2719711663726,46.7033515754761
30.9594349159221,46.5579055050976
4.93869528918247,37.9459683884406
34.6728626758702,46.6908028530015
2.99782066731274,51.2056507620112
35.6309416629245,45.9596572924797
19.0526836495692,53.6891404474587
24.8512328605485,56.1667649126089
21.2051432380197,47.8110210916962
47.6799856172362,47.8098039614289
15.5210425960117,53.3137929248227
14.3884201925237,45.6437909931294
47.6141399514835,42.5894290406869
4.1154149759617,50.5419142550824
7.93369718252504,48.7168673437207
13.6923505961612,51.5662895010634
49.1920480479891,46.0721819715012
18.8113896826779,43.0053644348176
7.9405497750049,46.8587976035935
6.6544888311969,50.5725933967636
27.0614452487051,46.2773676892447
24.1323239653811,57.0660501794129
31.5523627080988,57.2803503382353
43.3626652820715,63.2457287340963
16.6341327875275,50.1246389075609
46.9913260158047,50.9911605719662
48.8139671461037,48.0182827831973
14.9202932364453,48.8970264618657
0.870094033191809,59.349592023164
17.8555188209021,47.3944713388493
25.4544396223421,56.0555881714374
14.702040370557,52.1031882466761
48.2197362750913,47.0185583283308
27.1599074117497,50.097268355224
27.375742089035,46.5337440455091
36.3349194968522,44.5637737496834
10.7653810273738,49.0304434028515
22.1374191136486,53.3663977989531
35.3556146002634,45.6223563191197
7.08255571599574,58.2946123779959
7.66713380149232,48.7775671693628
9.50299183932926,49.3732204905609
0.197986800039535,49.2546698752896
7.09257236713308,44.2924972347582
39.7718928522244,47.9505877829468
14.2972432706503,49.7735698794869
28.058456539085,53.0630127291441
4.00442840117266,57.8620963954783
43.7648864252976,50.8687105108954
11.0784103663545,48.6243920963693
4.28269112695286,53.9346983547646
30.4069215991497,47.7517991110784
39.8916016211293,48.1360852473981
26.2835605651578,48.1870129609634
23.920189453177,42.2311228071032
49.5950878416866,54.3527303445571
7.81623442860502,41.5843729926514
37.3404828284239,42.1577412110181
46.1109343320574,55.736281176407
31.8487017319291,52.8798463923221
9.88810948746711,52.8393398397844
37.6555507217642,50.6212322061263
11.4606317252533,42.7754686208173
41.8374498892038,56.3741866173251
2.64550843486743,56.2855456921471
8.71144852542176,51.006188903648
9.26950789771597,55.4985843947601
9.09463909631521,50.9868982871859
30.4452903311815,47.5732140176448
27.086280639829,60.8520411764654
31.4818093269079,49.0288166204203
28.8611151162983,50.4398813429454
16.2507228627026,42.5518462596457
27.0374391630196,49.973934698482
47.9679277450334,45.7103351596269
23.6668777502659,57.9976596578096
3.68823118232235,41.6677843205152
33.9749609534339,50.3648100873472
15.4908791300922,50.5406310133792
37.3615118296662,48.7704966602601
49.4588767546111,56.1393351518143
22.6928198319461,46.0423825734037
4.70821862429106,46.0941203590558
0.541127503001981,44.941662950443
49.9811524316376,48.3074417395654
38.9245541399116,54.0666745269281
49.8372425352891,41.2405649265057
37.7668131157188,46.0587470199093
30.6603518370767,48.6973031933507
24.3400416645854,48.7190242805608
21.6111447108036,39.2814826822454
39.8434132000403,39.5185841750138
47.6096073279604,47.8243170158625
47.7263155447715,53.3619282892583
30.3502443322343,55.2727375692985
35.8781350478499,46.2835198168108
21.278212797658,56.9580090426274
30.7770001963433,52.597450204373
14.6028532797353,58.5368701712642
7.36717179047851,50.5123582851348
37.0387785418923,60.1157050962782
38.1234433483098,49.7882299663455
30.3550237247066,53.2808849217859
34.5307952253249,49.2084626783778
36.3739715513694,46.3080772892718
2.47716136589021,52.6172187030313
1.94577985170751,59.9735904085509
18.0353080599511,55.794998701749
27.5277221606772,46.9230971918263
30.4899650682075,50.9302288733775
7.01848444484869,46.4637310204016
37.0267035902226,49.5036736234234
29.834981347474,57.7641809921076
21.9447003254168,38.5259607555435
39.5283230831675,53.3382240095754
26.1968837298676,48.8165162798757
21.9706266664867,55.9571458582953
35.9375207488474,50.4716539330515
17.2878875336799,55.2715281640373
13.0461297565247,48.0936249751847
10.8481470818647,49.7224291420101
23.0591073939016,48.1505121131586
24.0297845525508,41.3146765416892
4.33860773943115,50.8201180195669
18.1173059109408,55.2702678115652
32.9712984408778,45.0663695248683
15.1005213571953,55.4176996817208
20.4736014132343,43.0882238220421
45.6953879447894,49.9669677793125
30.5169968143761,58.6403039755016
27.0775720322548,54.7389183742269
11.1741625660475,45.5531341516378
22.9236505142027,48.105676943617
10.1104225226575,54.1002204756123
48.2401131407965,47.1331940838611
22.5367956395991,50.0594952573489
13.4506589081975,46.8595462090704
49.0301180858013,46.4223256796807
4.9971490173216,50.9884168252435
30.9958772152632,50.4702193457537
49.5786990706588,53.0554113638354
26.1578342931138,50.3794637881055
16.5051347126402,46.8924586003472
8.08650169284067,49.1019804322833
11.8654100548771,52.8291174704811
47.9556810330921,50.987284444422
1.64830709625644,44.7415346377425
42.9963598834102,46.4138494197774
3.87397308951566,53.0867960557326
2.32147694712773,48.0595121603496
19.2732328807152,44.6524419116975
1.27297222290423,50.2420622883474
22.298027348962,47.7220633729729
14.4681795590223,47.0094132058844
28.4714722554461,48.5989635987212
11.3955839038441,46.0668110084569
25.3151401281255,43.5501229006346
7.60503189226182,44.95956020388
25.0540113543163,48.6808755319924
27.2942191637995,43.7393008384777
38.4209153622608,57.2844700607575
1.44798718819295,58.8541524492892
27.6054863348135,50.3984893435895
4.17910498921826,46.816716620817
4.99741198553886,45.5697933450053
32.4585774629838,44.7073985565969
34.3275123839801,44.4465548703309
11.3472806316669,47.8866803254327
34.9157651815849,41.9401212361018
24.968498750532,54.8519163551584
7.58943781536182,50.0791577391242
30.9838925262331,55.4963935709649
26.8954740633974,42.1280515657414
1.80658428239131,49.5356297484729
35.1159202099811,62.0885493680061
33.22918954554,53.7501651266087
1.95223144273984,43.8052179837355
46.9264928092771,56.6153867657909
11.2952331531535,44.4154002402827
23.5577008069446,50.526394803082
21.4272800074414,46.6313579806954
16.1310340067979,53.0779744374313
21.5155815018308,54.5177436938724
8.89310929730763,53.9998300255671
38.5791958851801,53.8142756506877
40.6798857738032,46.2847867248442
0.471630837496556,54.1161973522893
36.0885855417609,52.8817282155004
2.83580028921593,47.2729018401396
9.22722478309379,46.511859325312
41.0791468513429,46.3918319912745
34.0388591181796,48.406738121828
36.3391595176331,49.0777274867655
7.3775497270266,45.2649919006971
35.0292020793697,47.8455759931793
0.06337516733298,59.4262370693699
30.3105219776177,51.0556160272864
26.9770372437612,45.9539314567391
12.1043187996897,51.8584513637445
27.2247367233211,53.461406355547
36.8579009919938,49.6748950512895
15.3584208499085,54.0800312920832
41.9811173477542,46.9277761803611
22.8888482403615,48.0523388846088
12.2829239381644,45.8963518032077
2.97596564205517,47.4598042496649
17.0136464332364,53.9671030597427
20.3742280061861,60.6539732778324
42.5609936869786,49.5305361199318
32.0372572382438,46.9445274848648
0.278875642958587,50.6174023941218
18.6799417328761,47.257486606163
23.019725762475,58.8102768120919
28.7863853842758,43.7600547010829
13.3384340258036,49.9470605735504
28.7652480692663,46.2194607719203
11.3821034206602,52.6833241623121
40.4260470129122,37.3074481125925
13.8926699219094,49.6722613820814
6.08067385931436,60.9716628272131
18.1941448799484,55.1303149710024
22.5972886703981,59.1504351731296
17.551925012903,43.4606323497794
43.128590985039,53.5177318151967
49.3538238948267,46.0699172242078
29.2478617052471,46.7406476602367
17.4465528915403,44.1939659156978
7.2111864707371,52.9816024843974
5.24391371535727,55.5000313011957
37.9870275398856,49.0081363961188
0.808674608686849,51.9863345573755
3.75532532090626,45.7870035777775
49.2903010778332,43.8369304078742
12.9331209739707,47.4657938358887
31.5093187321157,54.7029214331366
49.7457659361188,46.408709154471
7.09487317133115,48.2714427734305
45.3039577226652,51.4875217460572
47.7350276460945,56.45372311812
31.849065997259,53.3681720207903
17.0835314949193,41.0759695876108
7.44099231077377,47.3240246195175
28.525962999844,53.890825965149
46.0447820610337,44.4677236896035
39.1236756892812,40.8070533916995
32.0712264845372,43.9816489610923
26.8377919357759,52.679229316334
15.9160082168327,54.8517922754495
3.14725450664272,45.1227249016468
3.57954431815059,44.5199413333576
23.8215062354502,52.3560469673649
6.71114080188803,43.4810460910115
27.0070209510741,48.7858573223525
22.4986043654304,38.9347827586551
38.2757053686652,44.3322479246414
2.84722509432753,55.5964371197401
18.010529673481,51.8698038083755
7.67191162708178,52.1917154052845
30.4936137981892,50.5832342260353
15.4876518601098,56.0007039788558
16.4560579666875,47.0098113711931
20.1024067166759,48.8678747328884
17.1092217644767,53.6672104289736
45.6437907668979,51.2292792604651
29.215430141875,53.5840638235614
22.2913680808232,54.6984871412855
41.2500171382967,46.8631128939274
40.6600465357584,42.5492859601206
13.6784295013026,53.2266667989053
46.0885373605653,39.3553357660868
42.4624592214153,44.9119027683157
10.6102704872226,38.8280723533193
0.734096993698585,49.9393669364127
16.9164521005226,50.2440451113746
29.0202544607417,52.3284950878324
43.3564884523744,55.0762141777285
16.0603564670729,60.1574114456367
32.3300530450651,50.2697256884234
41.1713215543856,43.6742267938396
11.0846141954152,46.6794231687316
32.6655795828166,50.8568225623035
40.2825163262857,46.3811536782711
7.991516486886,49.168329605807
31.2549154526751,59.4220660313185
29.7553464133198,42.6163561522124
9.75599203793499,46.4335673083824
40.4214743207274,44.7503738199155
20.1104647063899,45.3413895654379
28.3373073033568,45.7007198507649
9.70490378592478,44.4197621690919
18.0615236046771,46.3724115887356
88.8780680231483,83.4922991425278
54.8478741763519,51.1664280775677
78.5190734732911,82.0604818859758
72.0060302277026,72.9195817330693
51.8936399036241,49.2066264084195
69.4370930458875,72.4895673865417
76.3169788995884,82.1751303469645
57.9439117755169,63.6707806110768
88.2272586046101,82.7760716448572
69.7805972316354,81.8078895172008
68.720375390418,65.3553056240276
80.6779013955052,79.1520860082507
52.0768386635526,51.0565193717636
71.497116237636,70.1206816809209
58.5081214797201,65.9585642674256
91.4945962661451,94.9520588597126
62.4288677256138,53.7907063328553
95.4122161225238,98.431092310725
57.2969076147362,54.7227729417213
89.5901477909185,83.1572426560762
68.4687455600402,71.118561127205
91.1026913088479,91.3568155460766
51.0320580780727,53.8726560266651
97.7319071216335,93.5457461117248
72.8038024339195,66.6167643301735
86.4855566625946,77.6236355779254
57.6810182858288,58.3453868710673
57.7456419684208,54.890181577675
61.2637114444878,60.848368974967
71.2113173026278,74.2883358968618
84.9402972663851,87.9916265689493
92.2961843498238,84.5689974447735
54.3253868790286,66.3728433640137
98.6335125637903,108.168602118588
55.3259401697311,64.7705356094629
63.3895302426754,64.3587745976374
55.0486783859561,56.6226272087394
53.8559921993438,62.3326312659373
92.8955454434396,88.3925636250291
64.3734461418653,64.2076736645688
97.5288566898579,105.592774223268
92.461101147411,98.2418269286797
87.6061107525729,81.1473092274719
70.1284945204134,75.1006675175518
87.935057255866,82.5942225222583
70.4341721347225,66.2069873539291
93.0126930587066,98.5282625391772
52.1414714274549,49.3647556062837
99.5058461595121,101.470822092539
51.1145641513301,53.6949163608184
78.945545560831,80.9925556504891
99.5397010984321,99.2151615145176
65.8378067521862,69.0102125310855
53.7952734840649,52.1850078875017
57.9761750351345,54.8456619714247
86.1053362199612,85.2136109826401
52.9635468364254,48.7389334762229
93.5250217257485,99.7421826975068
52.4228591977376,50.083725062056
80.3997774413896,79.8530294417274
60.168177485849,65.7901210177654
83.3376193692593,87.3484626081064
99.9137689102129,101.465626459769
80.2619747322751,85.653221804485
72.4364608167838,73.7928967157017
94.6123213394004,91.0929885542837
67.1009459046402,60.0488871248315
52.1738807296079,53.5953679401186
57.4780808920974,57.0476770835158
97.1206263250454,99.3583239216287
72.5325261137145,77.5178164340119
92.4941757155711,99.1277733773863
81.6860445443151,85.1067429123808
51.4496625828819,57.5349192177842
53.6069019344091,48.0858026660341
76.1501941594123,74.2032217945494
85.0859394570496,82.6431903919719
52.195693514696,44.8655811293027
65.9140827083784,72.07715573951
84.0333544958552,80.7333581262267
88.3315628355895,80.847968351892
51.3523991046064,47.9642562408998
64.2371135140836,61.1722774717974
98.1252021145079,95.4272584387766
68.5613151813654,71.1420049780723
78.3169346009499,87.6630879610744
83.0902726074501,78.1590813746568
56.3392180782889,59.5778285867267
93.341162297922,94.8950881781915
93.5078035314157,99.7942901465943
67.7820829144382,68.2445321911552
61.9873665243508,58.477668082658
94.9177514679917,90.7934328481985
59.4728974084185,53.0705140389386
85.9660103707995,84.9789501424261
86.2448132457321,80.1891493328541
88.4351049235183,86.2233863701742
50.7641097684648,46.6406083732624
64.1368581500517,59.8359877471934
81.3873914537154,85.2606517112296
80.7985148038094,80.2531359901051
59.4055744798175,63.7682495349414
62.1189738697875,61.3537851290269
79.236465838022,75.9556122237165
84.4525587407796,75.8744896622843
83.7033412370019,89.8132739846081
70.8660218527107,67.7564910760806
74.9548385279536,71.0517178704878
80.9812309925335,78.763894164602
70.7174863270265,67.0853898605942
71.6143065576661,72.3824569195095
53.8297668194697,53.4965961611726
69.0309517684407,66.1939100186208
93.4536963740594,87.3104286154277
63.375357090724,61.3227412729043
66.7821171264634,70.0583225808964
56.988524092045,51.0254150869255
98.268962706791,105.993298951237
50.1878444935066,51.996667836174
59.5180904733414,55.0011143243359
54.0266123797806,48.8079655594831
83.0338337503121,82.5120026478052
86.6571876670779,83.2629284928337
82.8342314006858,86.9795349361558
92.1390796789439,100.761490943776
63.7595960152933,63.8677390172285
75.2660542186247,73.3774917896857
86.6154095719864,95.5409510224211
96.5650978123701,91.5081178627008
88.1764037690686,86.5534136384718
74.8764528441234,73.1484524741693
78.374943730094,81.2458171517569
66.887378697964,65.3547169526784
88.3381772488506,78.6661002894344
52.9293564141077,51.1358964975828
80.4642731531162,78.066403423051
50.2740767651313,48.6091825533385
67.9591381033646,69.1974376745054
62.850432172957,59.8743917115817
92.561325127203,91.1154594171427
79.6070445465239,82.8088254198399
54.3520314943273,50.5433436913423
81.2906882070252,84.9219784317346
64.6449286902549,49.1594569555239
99.5569386335592,96.3297265334845
75.7131827712659,94.3765904958097
57.4446910475305,59.2461458965957
59.6557202720099,59.2877819034312
52.9948278540923,55.1171819918907
79.0950171502976,82.4871485238123
56.0337824334505,50.9569912937026
67.5024263108231,74.8692367893293
84.9620773596633,87.4509387753735
82.6127235180138,80.7018986152705
63.3392221021298,61.3103515365004
50.880825143244,42.2056188505593
50.946644519097,53.5208160952223
93.5943075396436,92.9848728620386
79.0903525998046,83.6932797325266
98.7083498423312,102.645300327847
98.2926190543916,102.42992005333
62.8377727086548,58.7537345592804
57.1646226538144,55.1341931100471
71.9423816511025,70.2397704910011
70.5830282371667,69.2461654544172
99.7508237140415,93.8659921668294
68.6076384814596,67.6248354079719
91.6925677793932,87.386743595548
77.3806033376471,67.4400453531951
54.2567668467198,59.0575246401297
66.2655521993069,57.5177060410671
53.1924766182683,58.8676034141717
74.3041379931371,74.7960119551258
81.8521465706298,71.1395947901188
71.951169548473,76.319405248787
63.29240703215,61.7487102120578
98.1851736542177,94.5162080822865
67.3134857269122,70.2200753792717
61.0388260089267,65.2450631528274
59.3053932814631,56.2605779812666
85.0666131158243,81.9339938929772
97.4073319861737,101.157605652815
75.432117684923,81.7139691593009
60.2038035618722,60.1357923958121
95.0897222565369,101.972003797899
85.4154112681566,83.9211710401724
76.0351570996447,72.1440830732922
90.4089904907049,90.1323785293086
86.4347544836603,87.2760737963748
61.7728045770344,62.95889998806
72.8045523305573,76.6092831134339
59.5246300204083,53.0984710189767
61.6388877615718,56.2751266369334
89.6633303273764,83.4850506427431
85.571142586546,81.5163852631202
64.8855784273203,67.539482373223
93.8685047823531,88.7989868471515
66.4937830585768,66.5010044865585
66.0439215232442,60.4216560589068
60.0852746135913,55.1880638924643
57.8952310709026,51.0860285892249
79.5610447967165,71.2958021980185
54.8746407501172,52.7273342715863
79.6897188222145,84.4781398090333
70.9599778729593,73.6542849393391
75.2015390708298,74.4237573251735
89.5957282325065,90.1904560695838
69.4461014166188,68.4298693823747
61.783621738893,53.2099981138378
95.625799660008,103.43953794091
74.1541939560851,74.3266968418768
90.9271437807459,95.0334523371731
76.4474082564024,77.1535391120466
68.8240745806745,65.5475968520106
79.0659330677515,78.3149456269135
77.1994782215377,79.2192845611405
84.8120099380329,72.4200740668082
91.4586616214378,87.8401288566069
68.4990140304904,66.1387929434709
68.8777100973994,62.8925329889354
78.7973448427062,73.1516433576194
68.6922215751252,73.4277008401557
99.4814026078421,90.3544090730851
79.1642497187158,82.193739444388
88.8483475620204,78.3803097049067
70.6382179994365,61.8225231333624
96.7491028252054,96.1244938043966
69.3337077703193,83.7884101128618
59.791167426673,53.6865253425066
56.1744694772788,47.3273977223227
52.837758429366,44.9464067142607
94.9080187009107,88.3635031246444
62.7325299567497,58.5143363226559
55.6095551817038,51.1725962099946
97.7657818440614,93.6609381813189
63.4939905174629,58.5594393023521
94.0972167514981,94.8736364618594
79.0190209181167,72.5821336040463
61.0456487287126,65.3111953531586
69.4303124988827,69.8535506775325
86.4728483954741,86.579682622949
79.522385590082,80.4100938501654
99.473526159369,103.631770125904
55.7466320721437,54.8806250378242
70.9826168169682,77.3687148849264
74.6111117053048,75.8896865198871
88.7886617433092,90.3643761184679
52.2809082459442,46.081164416374
70.2579858861243,71.6450295644543
55.8212443221604,47.670582676207
60.5702370448105,60.4427018403848
93.7411080828199,98.7141352010575
55.7471428319723,54.3467212514701
79.543200174468,76.0513596529554
96.4644375378631,98.7615455102718
93.776925754458,93.4169033733623
94.8450626478066,92.8681920989231
93.9386112906711,97.0835502926426
54.2851687804775,52.5600799332408
56.9625378562089,59.3840413844099
69.7108558866447,65.6112654685174
90.4598867215958,87.7537386898287
60.4665782769993,55.9802856775451
75.360637154085,69.2314870648328
58.5385156907996,60.13863231513
59.0190555381678,56.3824158806476
67.9888819009299,69.6151882508416
51.3390841544377,48.1758938429905
85.2783812417359,88.5833214052528
57.8054764128947,64.1263413719481
60.5374481388765,68.7257450466515
89.4402592389646,92.0199169097897
67.033215602318,57.7481510530051
83.2035471538017,89.7216289596905
91.3772468478362,97.4482914595289
86.2487674805945,84.9686571731399
80.9933276627619,75.6805741879013
79.2157432214079,81.114436308781
88.3973805721947,91.5514702587412
50.1367912674756,47.692164793478
98.0731128800059,95.10797549334
61.2465123663511,63.185879491905
91.6360384502804,85.0029299207561
92.3682944510457,79.4581121054447
94.3852774667138,93.1795526102643
55.3126816374859,52.5604890663217
62.5721183279011,72.3967802364701
99.2182721066342,90.6326782364415
98.6193844339695,99.2403832728713
65.5505519863191,68.3268559097036
96.5599314928853,96.280534533906
50.4292032617676,46.4899808429372
51.5989180757142,45.5514789598198
68.8626258109918,64.5481769119649
98.5713081523674,100.995365847913
84.2921222865403,82.6779510338521
64.7791197152566,61.8820195049651
81.8117371775222,76.4846103369046
66.727764703397,65.2442316148778
60.7632010450789,63.6083326434214
79.8090664780555,78.7634461773151
86.9334954261994,84.7086671907436
72.5749787159641,69.4757446226344
85.190588312559,88.31856961092
76.7014048232834,71.5515461090588
71.6106687496142,62.8871734630997
62.840538868245,62.2420366463954
85.7487330480861,81.6863816003238
60.6040075591361,61.6158973141213
55.642529577697,57.6670363365872
60.4879761418355,61.9279670241888
69.0785234990434,77.3251646839995
59.0404392997858,54.8712437120254
73.6973215289451,78.9234933245091
70.4065094064188,66.9579442611768
65.6785648028332,62.5509380245361
94.9998549318052,101.636349928965
56.7482629678638,55.9089346109279
88.0382406286678,84.29412877731
64.1448295222284,64.8029642400144
82.5970231013637,79.6424773691203
99.2180172455592,89.4963145497963
76.2597044048586,77.2173254054575
63.678617791966,71.2107158853688
86.0380049759865,78.8150698851631
90.869157983311,94.851649540262
60.8079382588206,62.2281809407223
77.1261768930911,75.7709305853457
65.4321839647256,58.328850602091
76.2696692458003,75.9942957984195
71.3176653491974,78.8063444157951
69.437594152903,71.7776926057737
81.2730402417774,82.2049336294667
63.7000662219284,65.5954291552864
89.0117789081874,90.9505032134721
95.9365870358548,94.3002723905098
59.6954490008579,66.9256209477796
95.94677688636,101.997573148088
95.9876262863793,93.1424675173303
94.6829636395486,96.4197613797958
85.8304635915891,86.509197055145
90.6504392791473,88.7320157734356
78.8465423251589,79.0749041261894
53.0254258877083,59.4172726171207
90.0870330998574,92.1835991206225
51.2557975205463,53.6476315428499
95.5275826606854,101.580114119524
96.2265255241352,92.963713372727
80.2753868176923,84.3635772207084
93.9935161951112,91.3341417396141
98.3008868973514,96.9662778268342
65.22980266185,69.5372184806244
74.0335966248415,70.6737506871865
56.2303629552839,59.5345410136512
60.2010619978257,48.2969925984814
60.7923028303213,52.9272222865858
53.5690874705243,60.7308444829565
60.2410956455638,62.8009840351876
78.0653470196561,82.7831803726668
75.1346331317493,81.4201587934836
92.7560081569548,88.0304787870482
65.7294903234496,69.9398431636778
63.8129642596798,65.2297807897144
53.69476683261,47.3751209239837
77.3462564008078,86.8831507229704
61.5965286796686,67.0752400632769
54.6669920881743,55.7232595221144
87.7355798522335,92.3966639725704
95.1160042954643,93.3166475827482
51.8377104049295,51.7452185925377
53.2922827305068,54.4233437147533
56.5323726830971,48.7583963762427
79.6741724366152,77.3463490989491
76.8320573382421,71.5181026529992
71.9437762584636,66.9602147697686
92.6107411136342,93.9952452959076
83.863031964127,86.7517965829335
64.8908391899054,66.9446641613328
88.3565588066606,85.8638415384097
73.0280601140152,69.9232403878341
83.691176911283,91.6484084864728
71.4220620831297,67.2835965938428
69.2381783443675,69.2379727166892
53.4469044555138,60.921514133671
70.4506760961203,80.9925536686542
58.4603391676043,54.574287253309
62.2148109512885,59.884083840145
96.5500623841269,103.168027987289
81.2907980610887,82.1131596310871
63.7887774158005,65.983737771517
60.6459058868106,67.3511625757013
90.1474001826088,94.6995713840803
84.8184279677344,89.4357186789922
87.8463244156994,91.7680941398772
53.3253471730001,57.0827935925885
93.2927094266591,91.5832655141383
53.1414513968162,50.9517149253365
69.0556268152422,71.9747961444092
99.4684207931003,100.268526423695
76.5879185108127,65.1558922416454
81.5171536820197,87.4009160846527
95.5156513376099,92.778091070451
93.714588871814,95.8992857773212
78.5272124654841,79.5242019254348
84.6399810770632,83.8189065423162
85.5559075267832,80.4536455645965
88.2754744189679,82.8341125099541
64.9633336628731,66.4687251179176
87.7901314972997,86.8852725816839
57.4236699053634,59.5079612077739
57.2222505325743,59.77358578416
80.0623514188201,78.5315461436058
98.0536779251794,99.9014298699835
74.3777988746421,75.8820503361743
68.1650540765683,72.7813021188126
50.1433235725272,56.3980315582504
99.8939577751659,105.132523245355
83.3900638311815,86.773721677538
50.6079797135294,42.647133369928
89.7444214619771,87.5986892574094
59.0523522920198,59.6240136972374
80.4141792996294,74.645097135215
52.6176093947975,42.9630940726827
56.6649810098155,57.5619996160794
72.0809552680842,65.5142724819869
66.6643907442208,72.9899125581271
89.6593126112562,84.1577438294148
95.3660424219867,86.2297287357348
78.5068230983589,89.1914584333179
99.2429588888867,92.4256493170952
83.756523347594,85.0784758974247
81.4641949227567,76.6701108059177
95.1100282560068,89.1494865721637
59.8528046594727,70.5347799988569
92.3182663602367,98.4759267663386
96.2245197293228,89.3023922960619
92.3817049052038,83.9739182187478
91.3257499140336,104.107303063558
83.3841268344507,87.206850137366
65.1444646568364,70.4690505630043
57.1546084175172,63.5211075014211
65.3450002570818,57.089512346194
94.2304804921519,91.9856743412398
59.6167113970846,58.2740996300443
71.5154013435361,78.0575590952804
69.157432252277,61.830244778362
96.1982471799308,95.0571004417876
95.7609589970327,90.0164903583056
87.4647823384903,77.3117113166556
91.7577135098439,88.1295292865774
79.6918607590936,80.3864030068772
64.0485060027101,49.7484424801477
63.9442367655081,64.9435241893488
62.0478805413654,64.3931951500332
92.2551862878311,87.0369882356217
70.9159645977889,66.5714578768528
94.8526569735136,88.6705461076148
95.7407135379348,94.4694101899927
90.942851317094,87.8660298964606
93.5063249567096,97.401721163913
85.8680386309766,80.5547361452323
64.1460545865872,70.3873742233292
70.144022680939,81.7702149368181
77.2023477827278,77.6491954650942
64.3622670212461,60.431513893663
77.1046077095438,82.4533439695383
80.6779304488428,85.2269676994011
92.9697554429477,92.8057571037432
71.1160507931149,72.4357547290164
63.6876652516421,60.6810938158851
75.9139187264478,79.3042495541993
87.7956077775283,86.6870910105397
80.3200487723503,91.3207272901753
71.8046504271104,80.7083655199751
57.6655714337697,49.2248605360474
68.5560821321732,70.266106525459
86.9775809374068,93.0454223503985
87.6648545341997,78.7621815917987
79.138901261434,83.2805352476085
56.473704030747,59.2892143186769
57.8084463019745,56.8096671420346
81.2575499722652,82.816389838643
94.1962300436718,89.0318596651595
61.0016553048315,59.1306370010506
71.0390807340132,64.5678500095456
50.3717170597454,51.9632001198479
72.179487340305,70.8638523401357
78.1082942963647,78.72254546741
98.4595251358322,89.6006216260398
51.8575600156523,47.5875944479205
72.341547046831,63.3392678105106
68.5328117304273,69.0326249632977
79.2860904775793,82.1711347086156
95.5480859541566,97.2524497754334
91.5635855664106,94.4863128964321
95.8145855077946,101.801214548937
72.0328750309456,73.6341946524942
73.7418090668399,74.5312598659447
77.9729502912148,74.572310262177
82.1168410732709,81.7687998225214
80.5017091058429,21.4367656215373
62.4317765948553,35.0885835593649
90.9607495452526,4.28785277588143
97.7534985259694,-5.49158270083211
83.356396034638,21.8970376090689
89.3463557688809,5.57466383303844
65.3570340597006,37.9052454252688
78.7857491732843,22.1565069080497
94.1383855880182,10.3713225499332
99.6011422309873,-5.51267619351251
91.5834378763513,11.5697290977894
82.1116945353398,17.4100938279357
86.2666335946294,12.510580573979
51.7592464962376,50.0376683807281
93.9982967148537,7.75488658517269
83.3810515114887,15.4143421751273
86.8683852004157,15.0371379876342
51.9171959948744,35.9207694588643
61.7214519910716,43.1468435899451
72.2348906939401,35.6115804196328
97.1872410995243,7.47366660600546
56.03009169607,48.4859413214502
85.1319626587144,12.4826137134923
76.2607983385207,23.6637398386796
89.6201073333068,11.7311897699279
99.8580324708135,1.62720301555603
86.8876254947337,8.37507650773443
84.8513045170622,18.1157418759172
95.5922337691405,7.37526273482465
74.6979256308548,24.5282800763902
71.2558878866142,35.661048817275
88.3587354008523,10.0140343656339
96.7062512461451,8.8998295168736
83.4048647697376,15.1535083496103
94.1394277095843,10.0143254757629
91.6443931409559,3.61234001414153
83.7170621427354,15.5116438490074
70.7393680449916,31.1854830956606
67.5956448947976,36.1560882491332
61.1549158276353,39.1616384779155
61.0931833107849,43.8069152500288
52.4826728790993,47.9381269383923
80.874583417252,31.4285231190203
57.1107670281791,45.1509112293356
88.6839061466745,13.5670600728801
57.4933103695609,38.2586808293443
64.9534665208478,34.3937100318095
76.7830395037895,22.2976650000226
62.841587245927,35.8006471442022
57.4627013651495,39.328702993829
75.4183691150655,20.9360019147076
66.5570488934433,35.654382379784
62.1647504802512,39.0833572883029
90.3027306381066,7.03611666821235
92.2233033825122,2.5643895645172
54.4425768062857,50.6523466839454
66.2447754734188,34.0546835139186
85.1575980457339,19.3197247223765
85.3612503051964,18.6653497456058
56.5687259496474,48.6143072574991
77.8842908483602,19.9126624946077
72.1250023270248,25.8229326435078
77.9465880901692,20.093988920096
96.9386105629159,-5.08555156320123
93.0108520477742,9.74029109686296
93.7948772486464,0.485097220367901
92.8340268215863,9.2734930276165
62.6497764455243,42.8633543146837
93.739854255241,10.1660283101182
82.3119148236181,12.7743364614686
74.5895106681196,26.3840589756784
84.6683765403717,10.5730756589205
54.8610909344762,48.2602996064488
65.372523851825,31.8855542396306
64.4136171887755,38.8060294059309
76.743362953521,21.6471230643903
91.1718558695582,6.21480723359357
89.7203486637593,6.83598452141565
83.1593998041168,20.5499281487761
62.7063637805408,48.5341954083354
83.5231929419745,10.4610094354789
98.8793048360097,5.66583311797695
97.7334080155277,-2.0235097440892
70.6144665535127,32.1120479473042
56.0289297658332,34.4417916571488
82.3952668943749,17.7247639358566
99.6567976953832,3.73576676736145
65.3638789110308,33.1449990555371
97.9548282492397,-1.26606709318947
50.3190738616118,56.8029091387654
57.0636787927555,33.4723653958984
60.9033954278944,34.5679527045263
89.5074542167531,13.1014185618857
64.3313160129758,35.6071987479329
52.2212684491266,52.4646230540165
70.8050328598031,23.728066639061
73.5722207733275,28.2901155163429
65.9979434086226,32.4423993989516
85.6709399903703,12.284573570246
62.712817614708,30.6431987972041
90.8235940560483,9.79033824571739
90.4344050167433,11.9434056526562
61.7673893263098,36.4965377456086
56.1150110446365,48.1833475856152
70.7307680879447,25.987738088106
59.4848490881219,42.8220688478802
62.8066606362268,41.7786901994938
64.6497673472527,33.2586981098351
75.9478200943975,29.5986997988724
57.4262944801089,36.0635217548346
99.9164168815345,2.09988590370865
97.2588718975146,-2.88976557990622
70.5151025231038,36.0501932802335
88.5885057300473,11.881624109186
54.0448765859427,52.3139354307194
94.4999832192674,6.47690949447907
72.048969220044,27.1520459631603
66.7035566599042,30.6911915022296
70.1204948513932,29.7650274686012
70.890491092569,32.0873344803272
72.4636298357529,28.5274425612726
62.9500832908367,37.9592617238482
75.1553819536374,24.4847068894413
72.8593896706825,18.5252954366634
96.7122713410307,0.939809423592996
87.2932402287541,11.5630119393408
50.1685351649595,46.9343610702274
84.2960279490898,17.3561106879333
65.957316366062,32.5087341271906
88.8849313481172,19.4756742940004
66.2908020177954,33.2709771608836
67.0359209230453,27.9633369648758
84.6762578791033,20.9389082482857
61.4689216023848,37.6000624204018
52.4283687126151,49.7553187190897
76.2906616987164,22.9514445603646
58.6965645021343,38.9587396242501
79.5300836180963,13.7326353765008
54.5579165040153,47.235050877229
76.8788423377566,26.7044960803775
76.8715990700143,22.4744689735428
90.3596268823607,10.6174928824716
71.7019745452211,34.8641102641502
51.1031000694243,49.0560305072546
93.5192008144173,9.67251728192052
61.2101778373977,43.2837297609441
89.9879484251019,9.4661223346537
75.987243087218,23.4972382586369
63.0736858409258,37.8724544227429
97.6797160798819,7.62597163555341
89.4067689643097,17.3188554681241
90.8004095062907,12.4452936101849
87.9034661009414,16.2384294792418
58.9143927955716,43.5218425533191
65.5548608529041,26.5449423204342
65.8957271472867,32.6291446023447
75.3754626920094,26.2756556985861
70.450335679865,23.7580149512958
77.4403556181799,24.5958364233268
80.9663620187493,15.1289976778951
98.1453789582747,4.71948682393722
91.5533995015796,9.56208925228705
52.8645427896846,46.5662573647694
80.2070499510137,19.1902764949377
74.4747830966922,33.30096052647
78.8538643446522,31.790608257455
62.5906060864931,38.3943397706523
63.5428932177488,45.9922910763991
94.132735303771,9.17146044970542
76.311496829077,26.4886640516126
67.0625225354671,32.9486831507724
73.1331122053377,27.2477173037229
86.4448343229503,9.01330694670209
58.7006053256343,33.7006352035072
73.3251934735376,30.5392080297216
87.9309649466032,13.1283039223024
92.492573436197,17.651871362884
66.4200393318021,24.8517832030601
82.2491232809938,13.8591931857549
98.2660470902127,4.10723693747153
83.9090010324755,16.5852308006169
96.2512156180318,2.52477680757866
65.9422999126367,34.1007812357403
77.3273799709874,22.5937055066461
75.2007930479809,22.4829197868498
56.6697091812098,42.7189825822987
77.0277482661035,34.5816177129261
53.2700938062478,55.7928870407399
61.7381599456185,29.3648306533424
66.1106651374216,35.2004870401538
93.7567308473171,1.2326880378006
60.9098387199238,47.3588232284703
88.1275913592529,15.9844803856279
94.9981104771106,7.53745980107783
99.2758753667157,0.627335566694
90.0584880559136,6.23731855844715
71.5605381138763,33.0249253078608
98.0802559305584,-4.22403493776244
59.3025010328015,47.5010426308991
95.5593578657837,0.093993631673859
77.7210193355012,26.6393358695974
54.6168049551439,46.115663669321
57.2189004735587,45.7190565973586
90.4728128251534,14.214559272259
68.5057151873196,41.433528963491
57.4727110048896,45.4616078230211
92.22170266224,-1.01876882603608
99.9385082497921,2.09540152207953
56.6617863041735,46.1522722137318
50.6208089928035,46.9107354804292
80.1138673696425,15.8601040070094
85.0217091420101,13.7537560967654
68.4639456005683,33.4858637679366
68.0897312795691,35.9152597902313
73.043470304785,24.062190394378
83.310021709764,16.2713591851965
95.0846915173294,1.53210695199213
53.2639835345892,42.5530290669515
58.3056088489914,41.7479119155101
98.7590363672932,-3.7798245982822
95.6336282051778,6.18108172533138
78.4285784295252,19.6242947257979
87.0231565398077,12.1207654959225
90.7048347016799,8.95563145219137
67.3348294894626,34.9771606596694
80.6126849831196,21.1103951473704
78.9060557395595,14.9591144973508
50.8075125423912,46.4356843958788
55.021063822678,56.9334879692623
68.3605795313514,35.0717200270392
65.9318651811642,32.2630430977999
78.9045403904092,23.3873802830521
78.3233220024577,20.3396753889064
83.7410833372931,13.5899808098134
91.9707810070143,-0.361495377178253
80.8024613085506,26.7430682954117
56.3430028353914,35.8831415977641
96.6621407137666,10.4419051601433
81.249702077811,16.4733682280452
92.9028463153488,11.654466324246
52.5018624006971,43.1714729456998
66.4944716797362,31.1022108344081
58.4629237109661,42.226580611351
83.8012085006796,20.5197702496816
76.5294514760024,22.6927024069468
88.8423316661951,18.2034182935247
64.7287505031607,33.0671422671371
52.9468327648221,46.5190704717864
50.0939486337987,52.7434625125078
69.0693116916652,35.5092548490346
59.4217167260001,48.7809747223208
65.9568934364905,31.1453121538325
73.8292856939196,27.202141747306
83.9923354651845,13.6984593486166
59.0594644601592,40.0874639235434
80.3466492493441,15.8280078680779
73.2691053150932,28.6306800434982
96.4843679429457,6.0660828614451
60.7061046631448,40.7583720083203
71.2926790532166,28.5713249644894
71.2950380104902,24.2350060045654
60.5846834699686,40.0708571916476
92.9081939605275,4.1006426542968
98.7391208714033,5.76940252065824
91.1741911056472,7.99513720976238
63.5252062012952,33.4827902067535
73.9300771932716,27.6376494040118
96.1966190466528,1.39510598657158
81.6617836080723,6.7366327166684
62.6734623124081,39.5216558869662
64.4023215143979,31.994828829471
90.3582375669461,8.54287605723693
53.8903826107728,48.4125342475721
95.2355932096386,2.61611089977545
96.7144984627069,-2.55028475618098
71.1921206257109,23.6992928544571
87.3767987062937,12.1083007944695
89.7677714191458,11.3015836099531
68.179684367934,32.9348311128457
63.9712916366484,40.7852411641702
57.5045192856056,35.1694594955599
77.7610320216508,23.2390361329575
86.3062786057132,13.0339561293336
92.1312135712047,8.29015437541331
68.8453787600146,35.4830882758513
67.7125763752577,42.363801966298
97.0947322562166,14.5326089781102
66.2684889725853,40.2777668953132
89.9808200260088,9.53434205195504
82.3277234663631,21.7150907214717
50.69966135064,48.5700497804857
87.8303463186526,16.950002997659
84.8932890986112,12.0893815557306
78.7433214151033,9.4334222967606
61.4265607959866,37.0179948490084
94.9677241670209,6.627072583065
95.637543924409,8.75434158229544
59.2639993734066,43.5527365491844
69.219306816426,28.1275819065329
84.3728431625108,12.6299746968967
67.9745893132949,30.2482688246196
91.7794229003281,14.0712045733677
67.054500805008,21.0169048547743
70.2583723009726,35.6566346864228
52.3895847473173,47.6229265896435
62.2805006679265,43.0422664689185
66.3868116993423,34.2820529556696
74.0571444322627,27.3426135699802
66.0061755853541,38.0872510353924
67.9487861388017,29.9530906368086
70.9478526775397,28.7396071915514
58.2447871204993,43.5048003705659
85.3668226740431,12.11122369066
67.1175250672283,25.994696949931
91.281764051747,10.4673073149934
51.2959258729722,51.6531233432048
73.6062900182238,22.7757368620853
75.924526554225,28.2112048465953
85.0370361417876,9.4327432431639
56.0490693634639,46.5399956678365
99.4128209378245,-2.03839793745643
93.1491428861022,5.32930444962402
79.386959076399,17.7818435392257
79.7743787164986,19.5733779842781
80.0906528758004,16.0416459265131
50.7049375945921,47.4879918786262
53.5285841815951,52.0621515814561
63.523954249197,33.5490269753743
62.0618433347054,43.3073049430002
61.1792723795413,43.2977374663973
52.358290611939,44.6423946312491
78.6530444739182,22.0201769748396
78.6405214679838,31.0099920463298
98.8419335678322,1.7839953698381
57.4947717815669,37.6220011597526
50.6655746129694,55.2077847381017
64.3786410392204,35.2757790621016
97.8077941718454,4.98943099939548
80.7356267944098,28.4850939731279
94.7553637901973,1.50577299990889
68.8023130574441,35.3784877252799
74.1525213863263,28.374872735357
74.7015023490595,20.8906737276779
78.1257345061724,17.0387823584565
74.8965016124601,28.7317226946292
92.7722696730931,9.58657869371856
73.760468751419,31.277276213418
71.8641546349342,28.2800042184644
89.9101326699608,7.35768002823266
67.9471603351504,39.5381752783223
53.1633978840349,39.200613499687
84.7566991180524,18.0825989292701
74.5905639142841,26.4834631301568
89.8762956309211,20.1151047921923
70.0215683556934,31.2206350600292
60.8314888550592,37.3715572120094
53.595610756469,39.7967778224537
53.3632609816086,51.4721876683677
57.3659576037985,53.6153598584539
51.2290539629523,44.7626135834512
56.5989660893154,46.9160092697794
76.8335992856277,19.9164714490222
98.1619106690305,0.949616779389958
77.3042764281736,13.209042821204
74.1528491247396,26.86846272931
58.3432898119746,39.9334259449993
95.4113138441191,4.74775303637798
56.5900988103255,40.1642929446626
67.0963674997588,28.7289091663982
54.6344313472085,43.7060009792159
74.1823000100734,28.1448542272059
68.4598965228622,44.9215545576882
59.9312550969761,31.1456871441213
66.3615448204577,27.8365171276036
50.1594133544694,54.987104658949
67.3359693835275,24.036428659842
57.0512725468749,36.9921501335087
76.3610268263709,26.4315822646975
81.3228943530657,20.4923761042842
61.1622839006376,48.7485246795657
77.7732902015271,24.7691669373039
81.3244975425843,15.6376088263652
57.0249586455882,34.0271300743311
76.5785709873953,21.7129915529604
87.9776949082908,13.0354509265639
86.7662660553352,6.87695192972487
88.9129614585439,16.4718450725281
94.1882572399374,0.994145053538816
94.121326434904,13.5122601620585
50.3848481910542,50.6789124908905
86.3453878153422,17.2414019371557
67.9910067421437,37.3985854509639
57.9205469523893,37.8107033584009
92.1913267752821,2.54484009798643
63.3341457714064,42.3640817632851
88.6736558792378,8.66172340743085
92.9049121422032,8.60697758955848
94.4621834522561,1.62678856124071
72.8808651892206,22.102557742153
61.8675192842889,32.9247297387733
51.6843859951573,45.1379227379899
95.5703357887569,1.75704219766995
52.4767617818798,43.2606641339874
96.4806618524271,-1.21871085254327
53.8209617503786,43.0194003631712
95.3362807084159,2.40666676118356
61.6746657012772,42.9107481394008
79.3448487854031,18.3426300330456
59.8349332258521,44.3426839919698
77.3113492308181,21.2120006834682
92.3206291437247,10.5461295990688
84.2018887366424,6.0431124180638
97.0010707823195,0.585318582686126
75.4934664311235,26.0850413868618
99.4700019891087,-4.11833721868217
96.1721522040699,7.99366465970222
86.8115240810287,13.4486295606467
87.5308570543102,11.8451737214192
57.4846496096071,37.2511034028795
73.1058302169989,37.5349128827948
62.3940765622379,44.6444887211159
93.1129941787559,6.02061908422834
51.2336964654677,54.854969052038
91.5210858615635,2.83787985740029
57.2763400561929,53.9105436430577
53.9134032968595,46.6767616777059
95.1272108785033,2.21910227833464
90.6176972001551,12.4037835190839
81.8923648519135,16.7116542550395
78.2393603157686,19.4437936722046
97.0883761615056,-1.55804788177954
52.2954619391164,37.7815598064758
79.1943459803152,15.0407925595284
97.9287470154123,3.7551148596464
68.324730672851,32.2066224464322
88.4795933779084,12.5135120191643
78.1702264556209,21.7612613033341
91.7317915494745,5.85025630334329
62.8840986386883,36.9217826337055
99.2572419673238,-0.00304698764196
67.9352240722801,36.0279489562953
90.4014941587942,7.317299196127
67.2966081313526,33.3667562562773
52.4735347628045,59.6143949674606
84.0290937307376,15.5632231836075
61.7858209911383,23.8456443424981
92.2070945483567,3.25711831434214
88.6131843193052,6.46647386665639
76.6171676892806,28.1408118615359
59.8673774033323,44.9928118255419
51.8979292927602,58.0962928621373
70.0599762070072,33.7367337701709
94.5794520854816,8.01543767032711
89.5079711794079,19.2657384523062
58.745270918647,51.0432242616811
99.6162025429665,7.01106019756408
63.8085406796174,39.2750724004794
60.1332244791159,32.5279722354077
86.4449507924048,-0.781952396630317
93.4064985698013,3.9776468875991
69.0512199252713,30.2414760749241
74.2345248792497,24.6261474764228
82.5223118162174,21.9587150189021
70.4919604111911,23.8913903327175
75.0716632636553,33.8995352415865
52.4201939832971,44.7371770032935
63.0766006354131,34.0466300402011
65.1258999683892,38.3893981241168
71.2934525882068,28.0035442715577
56.0448183608417,39.1878131790343
69.3519483166318,42.1858684234136
56.8963545608809,37.0269935980195
73.8661498359793,35.4585583335249
80.2937354765288,20.8679214903129
92.7580385381299,1.84541877030894
85.9762811041917,18.1347879718854
50.7132483834195,53.1996482932276
79.8687289148348,14.0320970431549
80.6334479906262,22.3521257564374
56.1382491424085,52.1271213072439
70.5408526813788,34.1386377188448
93.2624471151485,7.55801000028789
58.4302145110525,49.3583305721506
63.4266094374203,34.2690782844999
96.9839603657104,6.50073047010265
93.0715043900706,8.12839113811641
72.9626171195988,32.9228288318309
98.9921718043732,15.4889360255072
75.1041982455935,28.0459441407664
72.9089468413882,24.2997727894743
60.0762993540325,29.7603770202773
98.1392590542015,6.45400038001044
73.9654539188454,21.8101573486452
59.3419196281224,41.860264971943
86.9427248775326,14.2330612900032
98.3924641408842,1.01269601510349
80.2819817074995,9.08520841635608
79.9645619264856,16.795591706633
78.2752893220403,24.860796238535
55.1906143414721,48.4851826010636
53.86278888268,32.5206841166239
55.3881087873291,61.6440053205341
29.4933361552637,49.7702929342103
35.5216679566863,47.5571820413136
44.2697783638807,52.9563225039738
42.1772251210093,28.6317495723476
43.5786517564094,48.4839685814328
49.0983467984405,64.041802991311
71.3552147921348,54.7819070490206
33.0015876152695,72.1865797472782
43.2067873761833,42.821973188936
38.706600630765,50.7102090252821
69.4614803800992,30.7598190563659
60.7055587901249,48.2720089873019
31.6867347824016,74.8235417070098
35.1828720036348,59.5670863798992
35.5940643670241,65.6474057383608
64.3866654448982,55.8241194893956
70.4569836445138,48.5867052081898
31.7843332160036,41.7003944730375
30.7363283270812,27.2244162183399
26.9937165797576,67.2319040378622
49.6614892840345,66.8551752473578
28.2686002780441,66.5786807115411
28.7444923218903,66.6588726769941
57.6901341483415,37.817665397833
40.7584371347563,68.3070489751339
34.7508890886011,28.7593194975645
26.0033888616458,56.1195474892095
62.5603561674474,68.3671963720474
59.5099901275187,53.6571942731217
34.5265262757644,36.2569700840173
26.2267411880316,48.4549093923805
40.5787064872195,66.0007971158635
48.0778817596203,31.3815840925591
73.1275366946105,69.0494952096609
67.4639839789763,62.2610221925503
53.3786351029431,43.3245378148205
42.3857668964856,27.1378135072234
50.2765948222632,66.8499196474
73.9441819906359,36.9831034924583
49.4524557721739,27.4227786667162
60.4038591317786,36.617868178005
59.7593513283827,36.1403196315701
63.9359385119321,53.5305017689229
54.445815008158,41.4005907270385
51.3967971429529,48.918986235761
46.0823321552118,28.0494668618084
35.0433034389128,59.8711980332089
27.8537174158522,66.8994558665821
